year,state,district,proportion_black,black_candidate,black_turnout
2006,AK,1,3.1784871,0,43.9429465
2006,AL,1,26.1221335,0,26.6087278
2006,AL,2,29.4783836,0,26.6649717
2006,AL,3,30.8430401,0,28.4691804
2006,AL,4,4.9961712,0,27.9709242
2006,AL,5,16.5979228,0,29.1851673
2006,AL,6,10.682076,0,28.3270755
2006,AL,7,61.952636,1,32.9064458
2006,AR,1,14.8716528,0,35.6194252
2006,AR,2,19.2816701,0,31.7646468
2006,AR,3,2.3851928,0,19.9593128
2006,AR,4,23.4240908,0,32.4615196
2006,AZ,0,3.3890031,0,28.1401289
2006,AZ,1,1.7242448,0,58.1618208
2006,AZ,2,2.8110926,0,26.2859411
2006,AZ,3,3.0125628,0,22.3589102
2006,AZ,4,10.9519315,0,20.4024003
2006,AZ,5,3.5153053,0,22.7076849
2006,AZ,6,2.4226841,0,33.5011379
2006,AZ,7,4.3424155,0,21.1986056
2006,AZ,8,2.7920759,0,30.6448353
2006,CA,0,7.1464899,0,31.0972919
2006,CA,1,1.8837753,0,32.4851941
2006,CA,2,1.259477,0,33.2097372
2006,CA,3,5.8042552,0,33.3507511
2006,CA,4,1.5679304,0,26.9602207
2006,CA,5,15.3880729,0,33.2386593
2006,CA,6,2.1451035,0,41.1120561
2006,CA,7,17.6366546,0,33.1232092
2006,CA,8,8.2552262,0,41.2685177
2006,CA,9,24.243368,1,50.9945713
2006,CA,10,7.3426745,0,38.5328068
2006,CA,11,5.3973992,0,31.2786245
2006,CA,12,2.5133367,0,42.3877625
2006,CA,13,7.9296915,0,37.285269
2006,CA,14,3.5109496,0,34.4970414
2006,CA,15,2.6671259,1,34.3376375
2006,CA,16,4.0719958,0,30.2116438
2006,CA,17,3.2556648,0,28.4307234
2006,CA,18,7.2081074,0,21.0745766
2006,CA,19,4.0367433,0,20.6560238
2006,CA,20,10.0391915,0,13.2236882
2006,CA,21,2.6247585,0,24.6683651
2006,CA,22,5.8870373,0,20.6908451
2006,CA,23,2.2784421,0,33.573168
2006,CA,24,1.897643,0,31.0192903
2006,CA,25,10.1870812,0,19.7755443
2006,CA,26,4.8143306,0,31.3913359
2006,CA,27,5.0303294,0,31.7810332
2006,CA,28,4.3560899,0,34.8776162
2006,CA,29,6.687929,0,36.8386723
2006,CA,30,2.9957811,0,51.9710266
2006,CA,31,7.5016031,0,20.5516807
2006,CA,32,2.9396464,0,26.4664943
2006,CA,33,34.7322632,1,37.3559831
2006,CA,34,9.2776745,0,14.3007148
2006,CA,35,44.3038015,1,30.834954
2006,CA,36,4.2716738,0,38.9767812
2006,CA,37,31.928605,1,30.135556
2006,CA,38,3.7097376,0,30.0088474
2006,CA,39,7.465057,0,24.7908146
2006,CA,40,2.5674761,0,23.7263033
2006,CA,41,5.8486436,0,23.633096
2006,CA,42,3.0946602,0,24.4950612
2006,CA,43,15.5880969,0,15.954503
2006,CA,44,6.0519404,0,23.3154788
2006,CA,45,7.1662065,0,23.653154
2006,CA,46,1.7056574,0,33.1777518
2006,CA,47,2.5564945,0,14.3595984
2006,CA,48,1.9352707,0,22.1594121
2006,CA,49,5.2971698,0,20.7448344
2006,CA,50,1.9064552,0,34.6520548
2006,CA,51,9.792007,0,28.1555037
2006,CA,52,4.2931447,0,24.2154496
2006,CA,53,6.7271954,0,27.3364486
2006,CO,1,10.1688319,0,36.2482438
2006,CO,2,1.0782949,0,39.3451824
2006,CO,5,5.1875812,0,23.3004321
2006,CO,6,2.3284337,0,42.7983539
2006,CO,7,5.7666539,0,33.3319721
2006,DE,0,19.4131532,0,36.4076978
2006,DE,1,19.4131532,0,36.4076978
2006,FL,0,13.3911609,0,29.1829131
2006,FL,1,13.0815036,0,25.9890588
2006,FL,4,14.0533914,0,29.3285134
2006,FL,5,4.7558446,0,30.0038319
2006,FL,6,12.4796387,0,29.1707646
2006,FL,7,8.2633413,0,30.5920848
2006,FL,8,8.3916192,0,27.2547213
2006,FL,9,4.9057573,0,27.1660125
2006,FL,10,4.42693,0,21.7029511
2006,FL,11,27.1204797,1,25.2740748
2006,FL,12,13.1817027,0,27.6217536
2006,FL,13,4.1158545,0,23.0477932
2006,FL,14,4.3847818,0,18.5335655
2006,FL,15,7.4969128,0,29.6965507
2006,FL,16,6.5050875,0,32.8166394
2006,FL,17,56.4160395,1,32.2425225
2006,FL,18,6.813573,0,25.6344033
2006,FL,21,9.3796858,0,37.9711055
2006,FL,22,4.7826868,0,28.3670282
2006,FL,24,6.5929227,0,31.0057408
2006,FL,25,12.8794112,0,19.4802487
2006,GA,1,24.675243,0,19.0091009
2006,GA,2,47.1342935,1,23.1775623
2006,GA,3,23.0601445,0,27.3730479
2006,GA,4,62.4063868,1,31.4833453
2006,GA,5,51.3010239,1,28.4663527
2006,GA,6,9.6246049,0,28.9304917
2006,GA,7,20.7450594,0,27.1488807
2006,GA,8,33.2971437,0,24.5964473
2006,GA,9,3.4330264,0,18.9517002
2006,GA,10,18.7075088,0,24.6779833
2006,GA,11,14.5452931,0,25.2510816
2006,GA,12,42.8954327,0,24.6868764
2006,GA,13,57.3421839,1,29.2808653
2006,IA,1,3.6913766,0,31.453879
2006,IA,2,2.0480665,0,39.16275
2006,IA,3,2.745585,0,45.1693954
2006,IL,1,65.6922405,1,40.3598972
2006,IL,2,68.5476854,1,45.2768385
2006,IL,3,7.6552927,0,32.2702409
2006,IL,4,7.9123817,0,14.1052053
2006,IL,5,3.5591353,0,15.2591807
2006,IL,6,3.2316981,0,17.1985943
2006,IL,7,54.6200327,1,36.8780032
2006,IL,8,3.5878208,0,24.6100824
2006,IL,9,9.1498617,0,32.7104243
2006,IL,10,5.0547858,1,22.2328747
2006,IL,11,8.0554967,0,26.1176142
2006,IL,12,15.9616147,0,31.6279537
2006,IL,13,6.9651915,0,23.2309151
2006,IL,14,5.3903866,0,15.3006051
2006,IL,15,5.6572881,0,24.6461723
2006,IL,16,4.7945745,0,26.5788502
2006,IL,17,7.0951283,0,26.568896
2006,IL,18,6.7591489,0,25.8560179
2006,IL,19,3.4278793,0,23.511616
2006,IN,0,8.0676125,0,28.2386711
2006,IN,1,17.6568481,0,26.2297473
2006,IN,2,7.5685663,0,25.1001407
2006,IN,3,5.3519141,0,22.116608
2006,IN,4,2.552976,0,21.2747995
2006,IN,5,3.5274639,0,22.2177742
2006,IN,6,3.4265967,0,28.669513
2006,IN,7,31.0647801,1,33.1560927
2006,IN,8,4.0541624,0,19.8003484
2006,IN,9,2.4781146,0,22.0449438
2006,KS,1,2.2336971,0,21.3681858
2006,KS,2,4.4940478,0,26.7039106
2006,KS,3,7.9516252,0,35.9415986
2006,KS,4,6.4905235,0,25.1883883
2006,KY,1,6.5273914,0,34.346937
2006,KY,2,5.739543,0,29.4815004
2006,KY,3,18.8329061,0,37.1997961
2006,KY,4,2.6184184,0,21.6737589
2006,KY,5,1.2092623,0,54.4093981
2006,KY,6,7.8048271,0,33.5601719
2006,MA,0,4.750463,0,36.9451522
2006,MA,1,1.8911197,0,19.7358367
2006,MA,2,5.0201474,0,30.5295299
2006,MA,3,2.4004677,0,23.452348
2006,MA,4,2.8596615,0,19.2738051
2006,MA,5,2.0379722,0,21.5921978
2006,MA,6,1.8314932,0,27.7303055
2006,MA,7,3.6983535,0,31.5315315
2006,MA,8,18.708536,0,49.1155132
2006,MA,9,9.1463116,1,41.9306221
2006,MA,10,1.6915522,0,25.9897361
2006,MD,0,27.9977036,1,39.8675841
2006,MD,1,11.2322792,0,33.5692518
2006,MD,2,28.5530988,0,42.7735396
2006,MD,3,18.3659902,0,44.7118416
2006,MD,4,59.0955934,1,39.6724677
2006,MD,5,34.5323947,0,45.3429141
2006,MD,6,5.4524375,0,25.8836866
2006,MD,7,57.703376,1,34.5887406
2006,MD,8,15.3543147,0,42.8021244
2006,MI,0,13.3246984,0,50.4916515
2006,MI,1,1.3957547,0,16.1352925
2006,MI,2,4.3538048,0,37.8557187
2006,MI,3,7.5269618,0,44.6812607
2006,MI,4,2.426853,0,30.5226863
2006,MI,5,17.0725064,0,49.7398262
2006,MI,6,7.3620698,0,35.1188842
2006,MI,7,5.711005,0,29.3144617
2006,MI,8,4.2590648,0,50.615179
2006,MI,9,9.861011,0,62.1009643
2006,MI,10,2.4989677,0,40.8965728
2006,MI,11,6.3187146,0,78.4725492
2006,MI,12,17.0459804,0,78.8727331
2006,MI,13,61.4257439,1,43.0913529
2006,MI,14,62.5468658,1,49.2548219
2006,MI,15,11.5427826,0,54.0401495
2006,MN,0,3.0095627,0,38.3577312
2006,MN,2,2.0501545,0,31.6453221
2006,MN,3,4.5100517,0,37.0903997
2006,MN,4,6.1439087,1,35.0745397
2006,MN,5,9.7026211,1,41.8925907
2006,MN,6,1.4014864,0,31.9728814
2006,MO,0,10.4529956,0,41.0142148
2006,MO,1,50.8562955,1,45.0452318
2006,MO,2,2.8660059,0,21.2946953
2006,MO,3,8.7373978,0,33.314046
2006,MO,4,3.2451966,0,21.8302095
2006,MO,5,23.6132796,1,45.0560469
2006,MO,6,3.2586332,0,28.1143345
2006,MO,7,1.4444192,0,27.0053827
2006,MO,8,4.4265753,0,32.8777803
2006,MO,9,3.7698796,0,23.0445215
2006,MS,0,34.9806541,1,28.1069814
2006,MS,1,25.3208759,0,25.1749955
2006,MS,2,63.5289185,1,30.0373577
2006,MS,3,33.0473252,0,25.8721089
2006,MS,4,21.8104869,0,23.4266178
2006,NC,1,49.2137577,1,21.7939697
2006,NC,2,29.7162881,0,24.6704358
2006,NC,3,16.425089,0,21.7291823
2006,NC,4,19.904199,0,29.7078119
2006,NC,5,7.471399,0,23.3095382
2006,NC,6,8.9645652,0,26.5850795
2006,NC,7,20.8400607,0,23.1170714
2006,NC,8,29.0194522,0,22.3173276
2006,NC,9,13.0979996,0,24.3155902
2006,NC,10,8.6992066,0,24.5049051
2006,NC,11,3.9635307,0,27.6435907
2006,NC,12,46.5601255,1,22.4832473
2006,NC,13,27.4688647,1,26.9789068
2006,NE,0,3.4806376,0,30.2088779
2006,NE,1,1.5065179,0,25.6021409
2006,NE,2,8.9254078,0,28.4440386
2006,NJ,0,13.3484589,0,30.2822695
2006,NJ,1,17.2688828,0,29.7257638
2006,NJ,2,13.6964759,1,24.7917782
2006,NJ,3,8.6984366,0,34.9382
2006,NJ,4,7.8911256,0,25.8345428
2006,NJ,5,1.8766115,0,23.857868
2006,NJ,6,15.5621991,0,29.6941883
2006,NJ,7,5.7424888,0,26.6885642
2006,NJ,8,13.7676043,0,33.6212326
2006,NJ,9,7.9415177,0,32.2445029
2006,NJ,10,61.3108481,1,32.0016701
2006,NJ,11,2.7380464,0,24.6840381
2006,NJ,12,11.5409503,0,31.6555566
2006,NJ,13,15.2738356,0,24.6915729
2006,NM,0,1.9588603,0,38.1512022
2006,NM,1,2.891284,0,30.8830223
2006,NM,2,1.7704764,0,25.1750973
2006,NM,3,1.5174839,0,33.3053104
2006,NV,0,7.6741423,0,26.7919709
2006,NV,1,14.9666169,0,24.6288819
2006,NV,2,2.4466616,0,29.7268829
2006,NV,3,7.0653425,0,27.5853244
2006,NY,0,14.2505268,0,27.9470156
2006,NY,1,3.6257589,0,22.972583
2006,NY,2,10.8059666,0,22.6133432
2006,NY,3,2.9223165,0,23.024572
2006,NY,4,18.3715877,0,32.6435912
2006,NY,5,5.4699863,0,26.6719509
2006,NY,6,56.5762775,1,28.7641503
2006,NY,7,18.7934476,0,31.4131305
2006,NY,8,5.457834,0,26.3277189
2006,NY,9,3.9935361,0,27.2334462
2006,NY,10,62.8288259,1,27.5976175
2006,NY,11,54.4046682,1,28.8370193
2006,NY,12,12.1084172,0,18.7262167
2006,NY,13,6.5114247,0,23.1750249
2006,NY,14,4.4676613,0,31.4849256
2006,NY,15,35.9696852,1,29.0636325
2006,NY,16,35.6787116,0,22.9877135
2006,NY,17,30.2182179,1,30.794886
2006,NY,18,10.4827082,0,32.1144212
2006,NY,19,5.7871203,0,25.7440006
2006,NY,20,2.5362584,0,17.4994313
2006,NY,21,7.3094057,0,31.6193483
2006,NY,22,7.6170634,0,24.0633357
2006,NY,23,2.6856765,0,10.9252984
2006,NY,24,3.7374589,0,14.4167689
2006,NY,25,6.5994927,0,32.9341503
2006,NY,26,3.2351537,0,19.3769735
2006,NY,27,4.7627683,0,24.0754519
2006,NY,28,26.4859348,0,29.6862256
2006,NY,29,2.642601,0,28.8151151
2006,OH,0,10.8273379,0,39.4297688
2006,OH,1,26.282888,0,40.4003843
2006,OH,2,4.4749581,0,39.5246519
2006,OH,3,16.1116635,0,40.0583235
2006,OH,4,4.8380588,0,24.158304
2006,OH,5,1.2806145,0,25.9714381
2006,OH,6,2.4979374,0,22.586476
2006,OH,7,8.2815827,0,39.5141166
2006,OH,8,4.8271931,0,32.1124946
2006,OH,9,13.2377789,0,36.1883292
2006,OH,10,5.5916308,0,40.8849487
2006,OH,11,57.0137483,1,43.0160415
2006,OH,12,19.7062177,0,45.2781732
2006,OH,13,11.396628,0,38.0072451
2006,OH,14,3.3369978,0,30.4922943
2006,OH,15,8.0276602,0,35.6635423
2006,OH,16,4.4325826,0,30.5476313
2006,OH,17,11.0785999,0,36.3963059
2006,OH,18,1.6976813,0,23.3131802
2006,OK,1,8.7719298,0,26.8971731
2006,OK,2,3.7850755,0,51.6868896
2006,OK,3,3.7457075,0,37.1055214
2006,OK,4,5.6180459,0,37.4356543
2006,OK,5,12.8163611,0,34.5940887
2006,OR,1,1.1452378,0,59.6086302
2006,OR,3,4.7307229,0,58.6447604
2006,PA,0,9.3469378,0,36.3522659
2006,PA,1,48.4888067,0,41.6453628
2006,PA,2,59.3068729,1,50.3194026
2006,PA,3,3.4469424,0,17.8141238
2006,PA,4,3.3189137,0,24.4546498
2006,PA,5,1.8532016,0,11.7152172
2006,PA,6,7.2866905,0,24.0074956
2006,PA,7,7.5600097,0,27.0477631
2006,PA,8,3.1592622,0,34.0862291
2006,PA,9,1.8343545,0,13.5494155
2006,PA,10,2.2412896,0,13.8080113
2006,PA,11,4.2018554,0,9.0191094
2006,PA,12,3.6304386,0,16.0716297
2006,PA,13,8.6281708,0,32.5832127
2006,PA,14,21.3940362,0,34.2589529
2006,PA,15,3.2552599,0,18.4747964
2006,PA,16,4.0791239,0,20.0803616
2006,PA,17,6.42945,0,28.9258494
2006,PA,18,2.442026,0,23.3403327
2006,PA,19,3.5456477,0,13.5762624
2006,RI,0,3.617726,0,39.1755194
2006,RI,1,4.0494507,0,36.1502347
2006,RI,2,3.1796452,0,42.2207447
2006,SC,1,19.2301841,0,30.0200545
2006,SC,2,26.5888972,0,29.753858
2006,SC,3,19.1079566,0,26.5012709
2006,SC,4,19.3996075,0,25.3019701
2006,SC,5,30.3160888,0,26.0402054
2006,SC,6,54.003966,1,29.6981618
2006,TN,0,15.6242331,1,39.0862674
2006,TN,1,2.0820804,0,19.28756
2006,TN,2,5.7138784,0,31.1167293
2006,TN,3,10.494375,0,37.5950702
2006,TN,4,3.7659753,0,32.7840058
2006,TN,5,23.9008473,0,41.0625457
2006,TN,6,7.1303663,0,31.0370295
2006,TN,7,12.6770827,0,45.6565021
2006,TN,8,21.9468485,0,32.6344937
2006,TN,9,62.6477832,0,41.3355244
2006,TX,0,12.8411754,0,19.8283464
2006,TX,1,18.4448708,0,15.4545156
2006,TX,2,22.1452438,0,20.388601
2006,TX,3,11.7069813,0,19.4788355
2006,TX,4,10.2121419,0,23.075443
2006,TX,5,14.2376022,0,16.6139055
2006,TX,6,16.440366,0,22.4541337
2006,TX,7,9.6940467,0,16.3166227
2006,TX,8,8.3963427,0,17.2007862
2006,TX,9,49.8781712,1,20.1928942
2006,TX,10,11.693422,0,18.1758304
2006,TX,11,4.1710921,0,10.2893094
2006,TX,12,6.6896036,0,19.7907889
2006,TX,13,6.0715811,0,14.3437699
2006,TX,14,9.7179558,0,20.5727204
2006,TX,16,3.6422595,0,7.7490775
2006,TX,17,9.7653995,0,9.2483835
2006,TX,18,48.2436463,1,19.9212702
2006,TX,19,5.5967639,0,12.8150395
2006,TX,20,7.957294,0,10.5222865
2006,TX,22,14.5166443,0,25.0213783
2006,TX,24,14.5002889,0,23.7441538
2006,TX,26,14.3886722,0,23.6802223
2006,TX,27,2.8111015,0,10.0194238
2006,TX,29,14.0733446,0,13.6105726
2006,TX,30,51.8462782,1,27.3136942
2006,TX,31,12.3527297,0,15.2293397
2006,TX,32,9.3269085,0,16.2121629
2006,UT,0,0.6941316,0,42.2230082
2006,UT,1,1.1884216,0,24.6654501
2006,WA,0,3.0335756,0,26.5308374
2006,WA,1,2.3276926,0,20.6668408
2006,WA,2,1.1869186,0,24.9032882
2006,WA,3,1.1155162,0,25.2975692
2006,WA,4,1.0218189,0,22.1553022
2006,WA,5,1.2348011,0,24.1091138
2006,WA,6,5.2885645,0,21.3928715
2006,WA,7,6.6285006,0,35.5896019
2006,WA,8,2.3924612,0,27.620784
2006,WA,9,6.6520398,0,21.9770909
2006,WI,0,5.0612494,0,36.7502266
2006,WI,1,4.8837512,0,23.0739071
2006,WI,2,2.9610044,0,34.0088664
2006,WI,4,32.9790591,1,40.3226264
2006,WI,5,2.0233636,0,33.112708
2006,WI,6,1.5313881,0,12.5077094
2006,WV,0,3.1945725,0,26.7175573
2006,WV,1,2.0884063,0,19.5022804
2006,WV,2,3.2590919,0,29.7975407
2006,WV,3,3.8633157,0,28.6847249
2008,AK,0,3.5023115,0,70.9726712
2008,AK,1,3.5023115,0,70.9726712
2008,AL,0,25.2987358,1,62.553939
2008,AL,1,26.1221335,0,62.0053624
2008,AL,2,29.3965615,0,57.6660577
2008,AL,3,31.6352577,0,56.4202481
2008,AL,4,4.9961712,0,55.5389408
2008,AL,5,17.631314,0,62.6272483
2008,AL,6,10.682076,0,64.0801001
2008,AL,7,61.7318354,1,61.9576019
2008,AR,0,14.7130518,0,54.4885782
2008,AR,2,19.4165196,0,54.8806962
2008,AR,3,2.3851928,0,35.7896323
2008,AR,4,23.4240908,0,50.3415623
2008,AZ,1,1.7242448,0,72.2748557
2008,AZ,2,2.9204947,0,51.3794641
2008,AZ,3,3.4828107,0,40.7160699
2008,AZ,4,10.0957959,0,47.6851994
2008,AZ,5,3.5153053,0,51.1371798
2008,AZ,6,2.7109207,0,61.0292398
2008,AZ,7,3.883771,0,43.8132296
2008,AZ,8,3.2043771,0,44.358041
2008,CA,1,2.0802997,0,49.2679503
2008,CA,2,1.259477,0,59.2132839
2008,CA,3,6.0220842,0,56.3223344
2008,CA,4,1.5679304,0,42.7684525
2008,CA,5,14.8996114,0,62.5166039
2008,CA,6,2.359914,0,57.1307858
2008,CA,7,16.5091951,0,65.8200875
2008,CA,8,7.4387585,0,75.5285472
2008,CA,9,23.0453489,1,82.3521304
2008,CA,10,8.3985412,0,64.1323091
2008,CA,11,4.6545855,0,65.8606696
2008,CA,12,2.9629101,0,59.8254589
2008,CA,13,9.5277771,0,54.440488
2008,CA,14,3.6508032,0,54.7986554
2008,CA,15,2.2701532,0,72.5978261
2008,CA,16,4.3593024,0,51.6706664
2008,CA,17,3.2556648,0,49.0481708
2008,CA,18,8.2833395,0,37.6953438
2008,CA,19,4.0367433,0,42.2052256
2008,CA,20,10.3294898,0,26.5693344
2008,CA,21,2.6247585,0,45.5679522
2008,CA,22,6.0021806,0,41.91508
2008,CA,23,2.4033616,0,53.5428343
2008,CA,24,1.7220818,0,57.7169787
2008,CA,25,9.775566,0,44.5574792
2008,CA,26,4.6233438,0,65.2213232
2008,CA,27,5.1574696,0,62.5721393
2008,CA,28,5.9403753,0,54.335813
2008,CA,29,6.3688675,0,66.1378659
2008,CA,30,3.4076917,0,81.5456283
2008,CA,31,8.1449351,0,36.6014302
2008,CA,32,3.3286505,0,45.9299239
2008,CA,33,35.4271618,1,63.1188714
2008,CA,34,7.517766,0,39.429801
2008,CA,35,41.9482778,1,58.1374965
2008,CA,36,5.6475554,0,54.8954115
2008,CA,37,30.6138461,1,61.8358643
2008,CA,38,4.0441273,0,51.6006043
2008,CA,39,6.8739102,0,56.3355146
2008,CA,40,3.1260869,0,41.9790105
2008,CA,41,5.4813207,0,53.2424439
2008,CA,42,3.0946602,0,48.444641
2008,CA,43,14.726199,0,38.9656245
2008,CA,44,6.9408147,0,42.9191128
2008,CA,45,7.3536364,0,50.0425035
2008,CA,46,1.3943258,0,74.7708635
2008,CA,47,2.6541298,0,32.7832944
2008,CA,48,1.8007987,0,49.651325
2008,CA,49,5.0188208,0,46.184837
2008,CA,50,2.1575891,0,59.0970611
2008,CA,51,10.2516286,0,51.2951063
2008,CA,52,4.2931447,0,54.0535104
2008,CA,53,6.5228293,0,65.5686828
2008,CO,0,3.6018339,0,72.7136068
2008,CO,1,9.3711374,0,81.7739332
2008,CO,2,1.0782949,0,78.6342376
2008,CO,5,5.3793359,0,50.1795698
2008,CO,6,2.5224955,0,78.6138614
2008,CO,7,6.5473247,0,67.7745716
2008,CT,1,11.4529462,0,71.4208205
2008,CT,2,3.5138816,0,37.7904195
2008,CT,3,12.3063688,0,58.9886731
2008,CT,4,10.824807,0,61.563298
2008,CT,5,5.057897,0,53.8613702
2008,DE,0,19.3922904,0,75.4572835
2008,DE,1,19.3922904,0,75.4572835
2008,FL,1,13.7161133,0,59.615921
2008,FL,2,21.881329,0,60.8296518
2008,FL,4,13.8872153,0,65.9276642
2008,FL,5,5.6382781,0,58.7146052
2008,FL,6,12.9993998,0,63.6340572
2008,FL,7,8.8668152,0,67.1250992
2008,FL,8,8.8533778,0,69.7655381
2008,FL,9,5.007266,0,66.9027642
2008,FL,10,4.949532,0,54.4081135
2008,FL,11,26.5452848,1,63.7207882
2008,FL,12,13.7199619,0,69.707925
2008,FL,13,4.8731676,0,51.7637137
2008,FL,14,4.571577,0,58.8492353
2008,FL,15,7.6814285,0,69.3404074
2008,FL,16,6.7272865,0,73.5380078
2008,FL,18,6.4814509,0,71.5213516
2008,FL,19,7.9047716,0,77.1299201
2008,FL,20,9.0260158,0,85.5720264
2008,FL,21,8.4064696,0,81.966687
2008,FL,22,4.6782523,1,72.8702892
2008,FL,23,52.6797758,1,67.986142
2008,FL,24,7.50073,0,68.3419194
2008,FL,25,12.1148679,0,49.4155994
2008,GA,0,30.2423314,0,61.7467687
2008,GA,1,24.2469326,0,52.590857
2008,GA,2,46.683077,1,52.6292602
2008,GA,3,23.0996008,0,64.4701087
2008,GA,4,60.7543193,1,68.4286059
2008,GA,5,51.9938798,1,59.4242921
2008,GA,6,9.7256027,0,69.6026155
2008,GA,7,20.8940374,0,69.6121078
2008,GA,8,32.4817791,0,58.7297843
2008,GA,9,3.8288008,0,43.9796413
2008,GA,10,18.2577376,0,58.9065146
2008,GA,11,15.5768379,0,58.8434968
2008,GA,12,43.481645,0,54.6631807
2008,GA,13,55.554032,1,70.9061577
2008,IA,0,2.1307884,0,77.3648009
2008,IA,1,3.6913766,0,71.59438
2008,IA,2,2.2354593,0,79.4869275
2008,IA,3,2.9715858,0,82.9031079
2008,IL,0,14.9080166,0,64.2765897
2008,IL,1,63.3672101,1,70.332158
2008,IL,2,70.0420095,1,74.2119849
2008,IL,3,7.0547528,0,58.6818334
2008,IL,4,8.031982,0,29.6647199
2008,IL,5,3.7106986,0,30.1086133
2008,IL,6,3.1247554,0,44.1180935
2008,IL,7,53.5365084,1,65.7389907
2008,IL,8,4.2688736,0,47.8757691
2008,IL,9,10.8027855,0,52.9729027
2008,IL,10,4.9917572,1,47.3994158
2008,IL,11,8.0554967,0,57.5085523
2008,IL,12,15.9616147,0,67.5613949
2008,IL,13,6.2855099,0,56.9863347
2008,IL,14,5.3903866,0,42.3819243
2008,IL,15,6.2552875,0,48.9746493
2008,IL,16,5.5795599,0,55.0001785
2008,IL,17,6.6913287,0,56.6277015
2008,IL,18,6.7591489,0,49.5148494
2008,IL,19,3.4278793,0,42.3425995
2008,IN,1,17.6568481,0,65.6074682
2008,IN,2,8.031775,0,52.2533775
2008,IN,3,5.2882005,0,57.7065767
2008,IN,4,2.552976,0,55.2202054
2008,IN,5,3.5274639,0,50.9657726
2008,IN,6,3.4265967,0,53.8541426
2008,IN,7,30.88385,1,75.6150391
2008,IN,8,4.0541624,0,41.5925036
2008,IN,9,2.4781146,0,45.3333333
2008,KS,0,5.3379706,0,62.319543
2008,KS,1,2.2336971,0,42.6877854
2008,KS,2,4.4940478,0,51.3708638
2008,KS,3,8.2004647,0,72.3708412
2008,KS,4,6.3956634,1,58.6508413
2008,KY,0,7.0837579,0,61.6274647
2008,KY,1,6.5273914,0,57.9799058
2008,KY,2,5.739543,0,54.749992
2008,KY,3,19.3161285,0,66.6054597
2008,KY,4,2.6184184,0,41.2553191
2008,KY,5,1.2092623,0,62.0534277
2008,KY,6,8.1783922,0,59.5091074
2008,LA,0,30.2208735,0,60.7897934
2008,LA,1,14.4061511,0,48.1268865
2008,LA,2,57.1476935,1,70.04238
2008,LA,4,32.4886841,0,54.3848317
2008,LA,6,33.459674,0,59.7023192
2008,LA,7,24.0593719,1,62.6710014
2008,MA,0,5.0251912,0,57.4917874
2008,MA,1,1.6655579,0,43.1213018
2008,MA,2,5.3061376,0,50.8629717
2008,MA,3,2.7874557,0,38.8016429
2008,MA,4,2.5930306,0,35.4104301
2008,MA,5,1.9120641,0,38.4496676
2008,MA,6,2.057404,0,42.9048066
2008,MA,7,4.0086084,0,50.6205425
2008,MA,8,19.8185568,0,67.9391373
2008,MA,9,9.632668,0,65.2419041
2008,MA,10,1.8638248,0,38.1009484
2008,MD,1,11.034007,0,59.9324864
2008,MD,2,30.3254797,0,72.8904683
2008,MD,3,19.1881255,1,72.856981
2008,MD,4,58.3007532,1,79.0635349
2008,MD,5,35.4092634,0,86.0764206
2008,MD,6,6.3584517,0,44.9884192
2008,MD,7,56.4653637,1,62.182987
2008,MD,8,17.0351871,0,67.9518564
2008,ME,0,0.5083851,0,90.4825737
2008,MI,0,13.3212682,0,81.1796706
2008,MI,1,1.3957547,0,22.7197117
2008,MI,2,4.3538048,1,70.8582563
2008,MI,3,7.1320173,0,81.4708746
2008,MI,4,2.426853,0,49.6591176
2008,MI,5,16.1155323,0,89.5588486
2008,MI,6,7.5404098,0,74.1562842
2008,MI,7,5.711005,0,58.0371665
2008,MI,8,4.0437868,0,92.6236539
2008,MI,9,9.3392486,0,97.7068032
2008,MI,10,2.4989677,0,70.3641371
2008,MI,11,8.2177018,0,93.2725934
2008,MI,13,63.3031408,1,69.9806809
2008,MI,14,61.4928833,1,75.6724231
2008,MI,15,11.4850939,0,93.1701208
2008,MN,0,3.2330055,0,72.8107717
2008,MN,1,1.0042676,0,67.6254461
2008,MN,2,2.2401734,0,57.0118995
2008,MN,3,4.7960016,0,69.8632005
2008,MN,4,5.9546428,0,78.3320981
2008,MN,5,10.7640168,1,78.3681835
2008,MN,6,1.3354018,0,59.0337894
2008,MO,1,52.229184,1,76.0129752
2008,MO,2,2.8660059,0,39.9059409
2008,MO,3,7.6700979,0,73.2074038
2008,MO,4,3.2451966,0,42.0433664
2008,MO,5,22.7436488,1,82.4128671
2008,MO,6,2.8825158,0,60.2168245
2008,MO,7,1.4444192,0,49.8490219
2008,MO,8,4.4265753,0,58.0142169
2008,MO,9,3.7209055,0,45.2662252
2008,MS,1,25.3208759,0,67.7917867
2008,MS,2,63.564803,1,60.6158939
2008,MS,3,33.0473252,0,62.7945796
2008,MS,4,21.8104869,0,57.248517
2008,NC,0,21.302195,0,71.9554904
2008,NC,1,48.6721076,1,67.355827
2008,NC,2,30.3005758,0,66.1985893
2008,NC,3,16.733486,0,65.0536234
2008,NC,4,20.1765872,0,82.4216577
2008,NC,5,7.471399,0,73.634855
2008,NC,6,9.5230607,0,76.5921869
2008,NC,7,20.8400607,0,64.7000725
2008,NC,8,27.8743895,0,71.7164504
2008,NC,9,13.753366,0,76.774502
2008,NC,10,8.6992066,0,66.9615843
2008,NC,11,3.9635307,0,65.5144542
2008,NC,12,46.8783229,1,73.2773373
2008,NC,13,27.3434123,0,75.8454932
2008,NE,0,3.5203108,0,66.2930575
2008,NE,1,1.4087849,0,53.2570702
2008,NE,2,8.9023283,0,66.2916006
2008,NH,0,0.6734328,0,81.5102224
2008,NJ,0,13.4731471,0,62.529871
2008,NJ,1,16.3540039,0,68.7605501
2008,NJ,2,13.7835459,0,54.3680949
2008,NJ,3,8.7418744,0,72.1509751
2008,NJ,4,8.3417791,0,54.3093414
2008,NJ,5,1.8734851,0,48.4403052
2008,NJ,6,15.4664615,0,70.9023147
2008,NJ,7,6.4306553,0,48.5204496
2008,NJ,8,14.2798658,0,61.0451665
2008,NJ,9,8.488378,0,56.1857151
2008,NJ,10,60.1590749,1,65.6157519
2008,NJ,11,3.4482088,0,40.577441
2008,NJ,12,12.0094824,0,61.4115028
2008,NJ,13,15.1412306,0,51.7996495
2008,NM,0,2.0443794,0,66.8448814
2008,NM,1,2.8570129,0,62.3095003
2008,NM,2,1.8706844,0,46.019226
2008,NM,3,1.5174839,0,62.8135071
2008,NV,1,15.1227654,0,65.0294949
2008,NV,2,2.8327153,0,55.4873029
2008,NV,3,7.1721273,0,69.1147056
2008,NY,1,4.6089211,0,48.5871752
2008,NY,2,9.5627002,0,61.6744693
2008,NY,3,1.830041,0,82.6205024
2008,NY,4,19.5004861,0,66.1723172
2008,NY,5,4.9619996,0,55.7774834
2008,NY,6,55.9700056,1,58.1846557
2008,NY,7,22.0316497,0,51.7152716
2008,NY,8,6.252528,0,48.7535531
2008,NY,9,5.0980028,0,45.8409308
2008,NY,10,62.4758358,1,58.5656523
2008,NY,11,54.7409759,1,57.4597412
2008,NY,12,11.4518252,0,47.2969021
2008,NY,13,6.403012,0,56.1991771
2008,NY,14,4.3547181,0,68.7607026
2008,NY,15,35.8575427,1,56.8219806
2008,NY,16,40.1178727,0,48.8777974
2008,NY,17,31.6346275,0,56.7910801
2008,NY,18,10.8368109,0,56.6062776
2008,NY,19,5.3351336,0,56.2023117
2008,NY,20,2.6428659,0,29.2886135
2008,NY,21,6.7936325,0,66.1816357
2008,NY,22,8.5981415,0,51.8879126
2008,NY,23,3.6088767,0,14.8483867
2008,NY,24,3.3485428,0,30.7783932
2008,NY,25,6.8431284,0,64.4994503
2008,NY,26,3.450994,0,37.325395
2008,NY,27,4.7605526,0,53.1542514
2008,NY,28,26.6549771,0,64.2649773
2008,NY,29,3.3168607,0,42.6641157
2008,OH,1,27.25186,0,74.8088041
2008,OH,2,4.4749581,0,67.700821
2008,OH,3,14.9463794,0,78.9004312
2008,OH,4,4.8380588,0,48.0863634
2008,OH,5,1.2806145,0,51.4779143
2008,OH,6,2.4979374,0,40.5472024
2008,OH,7,8.5821502,0,73.0903379
2008,OH,8,5.4792331,0,56.7418072
2008,OH,9,13.9240398,0,71.8671217
2008,OH,10,6.2864604,0,76.6783053
2008,OH,11,57.1628701,1,77.084412
2008,OH,12,18.5387375,0,89.8011364
2008,OH,13,11.396628,0,70.2715065
2008,OH,14,3.3369978,0,53.6220129
2008,OH,15,8.2666026,0,63.1295415
2008,OH,16,4.4325826,0,59.5660104
2008,OH,17,11.0785999,0,67.7924186
2008,OH,18,1.6976813,0,37.8839178
2008,OK,0,6.8714488,0,72.6109428
2008,OK,1,8.481887,0,63.7883959
2008,OK,2,3.7850755,0,90.2535267
2008,OK,3,3.6397198,0,68.9450068
2008,OK,4,6.0629334,0,68.152131
2008,OK,5,12.5440058,0,71.211787
2008,OR,0,1.5543504,0,97.4258786
2008,OR,3,5.074952,0,92.7133197
2008,PA,1,48.6326318,1,81.3611409
2008,PA,2,57.7682004,1,85.3171641
2008,PA,3,3.4469424,0,46.6816249
2008,PA,4,3.0917445,0,48.6542984
2008,PA,5,1.8532016,0,32.1695236
2008,PA,6,6.5896705,0,60.8412043
2008,PA,7,7.6301676,0,55.10302
2008,PA,8,3.3945963,0,60.2901826
2008,PA,9,1.9795661,0,25.1087816
2008,PA,10,2.2649754,0,29.8531672
2008,PA,11,4.3379903,0,29.0661636
2008,PA,12,3.6304386,0,33.6749634
2008,PA,13,8.8843356,0,60.7277641
2008,PA,14,21.3132217,0,72.0248548
2008,PA,15,3.9739239,0,45.6418838
2008,PA,16,4.7224731,0,44.326181
2008,PA,17,7.0814703,0,59.7434551
2008,PA,18,2.442026,0,43.9508965
2008,PA,19,3.4496579,0,43.932207
2008,RI,0,4.1255852,0,58.1473711
2008,RI,1,4.6928251,0,54.3501371
2008,RI,2,3.5595254,0,61.8697092
2008,SC,0,27.5915201,0,62.7128195
2008,SC,1,19.1200435,0,61.9591886
2008,SC,2,26.2182623,0,64.5774638
2008,SC,3,19.4162986,0,57.5899935
2008,SC,4,19.3000789,0,61.7572071
2008,SC,5,30.1674997,0,61.5235393
2008,SC,6,53.424441,1,63.100406
2008,TN,0,15.5885357,0,62.892185
2008,TN,1,2.0820804,0,34.7637505
2008,TN,2,5.834776,0,47.5610145
2008,TN,3,10.4190045,0,61.0604805
2008,TN,4,3.7659753,0,55.3546521
2008,TN,5,23.8854815,0,67.8221648
2008,TN,6,7.1303663,0,59.7259716
2008,TN,7,13.5279476,0,69.4447829
2008,TN,8,21.9468485,0,56.8160413
2008,TN,9,63.306729,0,65.0585094
2008,TX,0,12.5324077,0,52.3616828
2008,TX,1,18.4448708,0,42.8699679
2008,TX,2,20.1704909,0,54.4276089
2008,TX,3,10.4636622,0,60.1680118
2008,TX,4,10.2274399,0,52.4170074
2008,TX,5,14.2635354,0,46.596038
2008,TX,6,15.1489355,0,63.7906983
2008,TX,7,9.6856875,0,49.4067182
2008,TX,8,8.8336307,0,37.6509999
2008,TX,9,48.8243883,1,55.1025615
2008,TX,10,12.0835317,0,51.3182608
2008,TX,11,4.1710921,0,31.1007629
2008,TX,12,6.2861013,0,53.2170187
2008,TX,13,6.3625921,0,29.0799469
2008,TX,14,8.7932366,0,47.7394122
2008,TX,15,2.3741402,0,15.9915992
2008,TX,16,3.7539484,0,25.601268
2008,TX,17,9.6485968,0,38.3207362
2008,TX,18,49.160507,1,53.202567
2008,TX,19,5.3156968,0,26.7457394
2008,TX,20,7.3343731,0,34.1204472
2008,TX,21,6.317568,0,48.9163327
2008,TX,22,13.4836173,0,63.5409854
2008,TX,23,3.3320718,0,40.1196873
2008,TX,24,13.6369822,0,64.6951937
2008,TX,25,8.4497769,0,44.1397489
2008,TX,26,14.5535592,0,58.4079157
2008,TX,27,2.8111015,0,23.8507608
2008,TX,28,1.8925599,0,41.6540975
2008,TX,29,15.3206705,0,39.6953324
2008,TX,30,50.8568394,1,61.1159083
2008,TX,31,12.5744188,0,43.7337662
2008,TX,32,8.1672463,0,50.2576422
2008,UT,1,1.1340512,0,56.7252371
2008,WA,1,2.1135303,0,52.5345168
2008,WA,2,1.2203788,0,49.8007968
2008,WA,3,1.2705088,0,45.6724559
2008,WA,4,1.0218189,0,37.9436438
2008,WA,5,1.3095697,0,35.4697742
2008,WA,6,5.1422807,0,48.1944497
2008,WA,7,7.0572244,0,60.7294849
2008,WA,8,2.327929,0,59.1933765
2008,WA,9,6.6320531,0,50.2485774
2008,WI,1,4.8837512,0,49.3118996
2008,WI,2,3.1567576,0,63.9705035
2008,WI,4,32.6769094,1,77.7784638
2008,WI,5,2.0233636,0,52.7515129
2008,WI,6,1.5313881,0,20.3404465
2008,WV,0,3.2781234,0,53.4679657
2008,WV,1,2.0884063,0,38.736863
2008,WV,2,3.2590919,0,67.1096758
2008,WV,3,3.8633157,0,54.4987434
2010,AK,0,3.2340459,0,44.8496796
2010,AK,1,3.2340459,0,44.8496796
2010,AL,0,25.6073687,0,39.7472788
2010,AL,1,26.1221335,0,37.4314287
2010,AL,2,29.4783836,0,38.1727228
2010,AL,3,30.8788378,0,37.3846386
2010,AL,4,4.9961712,0,35.9460021
2010,AL,5,17.2851612,0,39.6213702
2010,AL,6,10.682076,0,41.3694201
2010,AL,7,61.375402,1,41.7386427
2010,AR,0,15.1675775,0,32.8311872
2010,AR,1,14.8716528,0,38.1513049
2010,AR,2,20.3997412,1,30.8252708
2010,AR,3,2.3851928,0,20.7805907
2010,AR,4,23.4240908,0,33.6093785
2010,AZ,0,4.0346109,0,24.4540829
2010,AZ,1,1.7242448,0,52.2813895
2010,AZ,2,2.8621749,0,28.1484465
2010,AZ,3,3.3242188,0,23.4647746
2010,AZ,4,13.1603231,0,17.5451791
2010,AZ,5,3.5153053,0,27.2324635
2010,AZ,6,3.6750826,0,23.2250502
2010,AZ,7,3.7572466,0,23.9412007
2010,AZ,8,3.2909708,0,28.8749527
2010,CA,0,7.0940299,0,37.0050257
2010,CA,1,1.8837753,0,37.4533889
2010,CA,2,1.259477,0,39.9322908
2010,CA,3,6.380848,0,37.6639174
2010,CA,4,1.5679304,0,31.2600598
2010,CA,5,14.5286426,0,38.3755268
2010,CA,6,2.3260403,0,39.111991
2010,CA,7,18.3974359,0,37.789506
2010,CA,8,7.7941824,0,46.5010691
2010,CA,9,22.8442348,1,53.551269
2010,CA,10,7.3684367,0,45.564365
2010,CA,11,5.0995997,0,39.8165351
2010,CA,12,2.6312551,0,46.0632308
2010,CA,13,8.5925467,0,38.0651854
2010,CA,14,3.0426323,0,42.5627976
2010,CA,15,3.1796098,0,31.8031057
2010,CA,16,3.5141461,0,38.2756848
2010,CA,17,3.2556648,0,33.934779
2010,CA,18,7.2081074,0,26.3231045
2010,CA,19,4.0367433,1,26.795339
2010,CA,20,10.2104568,0,15.2016197
2010,CA,21,2.8573668,0,25.1038483
2010,CA,22,6.6722069,0,21.5092851
2010,CA,23,2.4033616,0,35.4183347
2010,CA,24,1.7220818,0,39.6648776
2010,CA,25,9.8515373,0,25.9021889
2010,CA,26,4.8557309,0,39.3770216
2010,CA,27,5.7557289,0,34.504355
2010,CA,28,5.6540339,0,33.9706787
2010,CA,29,5.5698941,0,56.9460753
2010,CA,30,3.4965235,0,55.5626935
2010,CA,31,6.6164883,0,28.8363389
2010,CA,32,2.9684255,0,33.3300628
2010,CA,33,32.5948655,1,49.4019748
2010,CA,34,8.3872966,0,20.9052439
2010,CA,35,40.0266424,1,40.2720477
2010,CA,36,4.6209259,0,46.1460085
2010,CA,37,28.5337801,1,42.0764549
2010,CA,38,4.6193619,0,29.8292053
2010,CA,39,7.3446907,0,34.1893936
2010,CA,40,2.3013988,0,35.9325271
2010,CA,41,6.1182645,0,27.6740968
2010,CA,42,2.7497017,0,36.0213748
2010,CA,43,15.3520919,0,21.4293185
2010,CA,44,6.5196131,0,27.7764523
2010,CA,45,7.7563416,0,28.1525067
2010,CA,46,1.7056574,0,41.9681058
2010,CA,47,3.1362395,0,15.8148939
2010,CA,48,1.9406502,0,29.6257359
2010,CA,49,5.2565084,0,27.5544891
2010,CA,50,1.9570939,0,40.5096572
2010,CA,51,9.4227807,0,30.5998205
2010,CA,52,4.9686121,0,27.2090913
2010,CA,53,7.0770135,0,35.2274179
2010,CO,0,3.6225286,0,40.3611823
2010,CO,1,9.5699806,0,44.50617
2010,CO,2,1.0782949,0,47.4087933
2010,CO,5,5.5474896,0,24.3327938
2010,CO,6,2.0994127,0,58.6821835
2010,CO,7,6.5230895,1,37.0264822
2010,CT,0,9.0504933,0,33.8045727
2010,CT,1,12.9144524,0,38.8988245
2010,CT,2,3.2095179,0,22.6985122
2010,CT,3,12.3861333,0,34.2596947
2010,CT,4,11.7429309,0,33.6154164
2010,CT,5,5.6675735,0,26.2700886
2010,DE,0,20.2480938,0,47.9354017
2010,DE,1,20.2480938,0,47.9354017
2010,FL,0,14.2004846,1,35.0655225
2010,FL,1,13.6202761,0,33.0330541
2010,FL,2,21.2744764,0,36.3818033
2010,FL,3,49.7387238,1,34.2465566
2010,FL,4,15.1167707,0,33.1022613
2010,FL,5,5.735447,0,31.9192732
2010,FL,6,13.6149387,0,33.1106597
2010,FL,7,9.1561933,0,34.9018286
2010,FL,8,9.4989388,0,33.9802679
2010,FL,9,5.128633,0,36.9587758
2010,FL,10,4.8077936,0,26.597269
2010,FL,11,27.7207468,0,30.9701755
2010,FL,12,14.4722655,0,33.0629139
2010,FL,13,4.4938428,1,28.6749682
2010,FL,14,4.9779664,0,24.1897924
2010,FL,15,8.4630863,0,33.4991345
2010,FL,16,7.3596745,0,35.1172953
2010,FL,17,58.7869678,1,40.9987792
2010,FL,18,8.0041585,0,26.8348409
2010,FL,19,9.7972953,0,35.7524143
2010,FL,20,11.5734308,0,37.7029594
2010,FL,22,4.9195562,1,38.1755279
2010,FL,23,53.1841372,1,36.0304796
2010,FL,24,7.3633124,0,38.6361541
2010,FL,25,12.6366886,0,25.8409468
2010,GA,0,30.9255599,1,37.5981322
2010,GA,1,25.5557333,0,26.3365348
2010,GA,2,48.3779851,1,33.7287992
2010,GA,3,23.8350282,0,39.3645896
2010,GA,4,64.5184002,1,43.3269995
2010,GA,5,51.7412881,1,38.5869635
2010,GA,6,10.1351916,0,42.1448047
2010,GA,7,21.8744379,0,42.0932126
2010,GA,8,33.9474154,0,36.4524422
2010,GA,9,3.6051355,0,25.6946504
2010,GA,10,18.6848799,0,33.6949139
2010,GA,11,14.6324095,0,37.0136618
2010,GA,12,42.8410802,0,32.3526443
2010,GA,13,59.1825906,1,42.5164003
2010,IA,0,2.4337509,0,35.0259465
2010,IA,1,3.6913766,0,33.8851558
2010,IA,2,2.5074905,0,36.8188129
2010,IA,3,3.4601405,0,40.3115265
2010,IL,0,14.8898875,0,38.963766
2010,IL,1,63.2347547,1,45.5163273
2010,IL,2,69.667683,1,48.7010901
2010,IL,3,7.6215528,0,34.5580049
2010,IL,4,6.7035844,0,17.9475213
2010,IL,5,3.5218919,0,18.1288898
2010,IL,6,3.0147787,0,24.2328126
2010,IL,7,51.5644477,1,39.4646387
2010,IL,8,4.1790288,0,25.1023731
2010,IL,9,9.5007032,0,36.4472422
2010,IL,10,5.4181928,1,24.6068699
2010,IL,11,8.0554967,0,32.824463
2010,IL,12,15.9616147,0,39.4332969
2010,IL,13,6.4786844,0,32.827875
2010,IL,14,5.4532679,0,19.2797993
2010,IL,15,6.2552875,0,24.1366296
2010,IL,16,5.5795599,0,25.3418544
2010,IL,17,7.0951283,0,27.9176606
2010,IL,18,6.774364,0,26.6240432
2010,IL,19,3.4278793,0,24.1109652
2010,IN,0,8.4635485,0,29.633906
2010,IN,1,17.6568481,0,33.7877564
2010,IN,2,8.3267903,0,24.2934117
2010,IN,3,5.4163601,0,23.5881619
2010,IN,4,2.6101613,0,25.3576248
2010,IN,5,3.6825775,0,22.7986475
2010,IN,6,3.4265967,0,27.5617355
2010,IN,7,32.1111918,1,33.8376396
2010,IN,8,4.0541624,0,18.7220417
2010,IN,9,2.4781146,0,23.4456929
2010,KS,0,5.4706091,0,30.7329033
2010,KS,1,2.2336971,0,21.7082888
2010,KS,2,4.4940478,0,24.7056296
2010,KS,3,8.1112528,0,38.152217
2010,KS,4,6.5168081,0,28.5254366
2010,KY,0,7.3579906,0,36.7386449
2010,KY,1,6.5273914,0,36.7772147
2010,KY,2,5.739543,0,33.1909876
2010,KY,3,19.3528879,0,40.3463684
2010,KY,4,2.6184184,0,24.1631206
2010,KY,5,1.2092623,0,51.3839717
2010,KY,6,8.1783922,0,36.3278224
2010,LA,0,30.6849262,0,35.3539784
2010,LA,1,14.4061511,0,29.4126774
2010,LA,2,57.950866,1,37.5352727
2010,LA,3,25.8214571,0,40.2700087
2010,LA,4,32.4588877,0,32.7491799
2010,LA,5,32.6118603,0,32.3008248
2010,LA,6,33.2649217,0,35.6192247
2010,MA,1,1.6736306,0,24.3092554
2010,MA,2,5.3686637,0,30.0161875
2010,MA,3,3.8227879,0,17.6003994
2010,MA,4,2.8086475,0,20.9624308
2010,MA,5,1.7276074,0,29.5233214
2010,MA,6,2.0381292,0,26.6722061
2010,MA,7,4.5575925,0,31.2246678
2010,MA,8,19.1769693,0,46.3292547
2010,MA,9,11.294543,0,35.2402577
2010,MA,10,1.839114,0,26.3617045
2010,MD,0,29.158435,0,44.0171528
2010,MD,1,11.3127453,0,37.6477672
2010,MD,2,31.7935989,0,45.7799623
2010,MD,3,19.0590027,0,47.5092929
2010,MD,4,59.9300414,1,43.9867173
2010,MD,5,37.1038181,1,50.4368104
2010,MD,6,6.4572078,0,24.597656
2010,MD,7,57.0726473,1,40.7999226
2010,MD,8,17.4200097,0,41.1680204
2010,MI,1,1.3957547,0,13.5846964
2010,MI,2,4.3538048,1,30.863694
2010,MI,3,8.2168762,1,26.9660146
2010,MI,4,2.426853,0,25.6406238
2010,MI,5,16.847677,0,42.4144503
2010,MI,6,7.9554969,0,26.1301667
2010,MI,7,5.711005,0,27.0616327
2010,MI,8,4.70547,0,35.0495212
2010,MI,9,11.433953,0,43.8202247
2010,MI,10,2.4989677,0,32.1832925
2010,MI,11,8.5547514,0,47.6459947
2010,MI,12,20.9675239,0,51.0298635
2010,MI,13,60.6357516,1,34.5386222
2010,MI,14,61.9269605,1,40.0605862
2010,MI,15,12.6805215,0,40.4656988
2010,MN,1,1.5756389,0,24.3697479
2010,MN,2,2.2830109,0,30.8426483
2010,MN,3,5.1407505,0,34.4927037
2010,MN,4,7.2262227,0,29.2944931
2010,MN,5,11.2844537,1,34.4180795
2010,MN,6,1.5723143,0,30.638944
2010,MO,0,10.9923778,0,37.3073974
2010,MO,1,52.6515399,1,45.3816612
2010,MO,2,2.8660059,0,13.6454803
2010,MO,3,8.4043503,0,35.2155954
2010,MO,4,3.2451966,0,21.4381967
2010,MO,5,23.9053757,1,40.2058583
2010,MO,6,4.4873165,0,18.4739304
2010,MO,7,1.4444192,0,24.130235
2010,MO,8,4.4265753,0,27.1497363
2010,MO,9,3.7209055,0,19.6927152
2010,MS,1,25.3208759,0,42.2960242
2010,MS,2,64.5830296,1,33.6103425
2010,MS,3,33.0473252,0,32.2535273
2010,MS,4,21.8104869,0,33.0467381
2010,NC,0,21.5670954,0,37.7398923
2010,NC,1,49.2137577,1,38.0243957
2010,NC,2,29.9026078,0,39.1790947
2010,NC,3,16.1443007,0,34.5450652
2010,NC,4,20.7445981,0,44.6122122
2010,NC,5,8.1643107,0,34.0968062
2010,NC,6,9.4191722,0,40.1220956
2010,NC,7,20.7777969,0,37.3493338
2010,NC,8,28.4742081,0,35.5065933
2010,NC,9,14.0313892,0,40.755472
2010,NC,10,8.6992066,0,34.6520583
2010,NC,11,3.9635307,0,34.0005706
2010,NC,12,47.9856994,1,34.5708257
2010,NC,13,28.6194817,1,39.4951646
2010,NE,1,1.5977908,0,18.7208984
2010,NE,2,8.9913556,0,23.8013486
2010,NH,0,0.7351414,0,38.620315
2010,NJ,1,17.2304618,0,38.957763
2010,NJ,2,13.6194842,0,27.2835742
2010,NJ,3,9.2209773,0,44.7139052
2010,NJ,4,7.4465231,0,31.8698623
2010,NJ,5,1.7463957,0,27.0247333
2010,NJ,6,16.0685676,0,35.7169616
2010,NJ,7,5.7702647,0,29.9359921
2010,NJ,8,14.4668481,0,32.7526016
2010,NJ,9,8.5083125,0,32.4293375
2010,NJ,10,62.8620561,1,30.5009799
2010,NJ,11,3.0429367,0,23.3797612
2010,NJ,12,11.4894758,0,37.5154833
2010,NJ,13,15.3375842,0,22.6217268
2010,NM,1,2.838273,0,33.2336182
2010,NM,2,1.7704764,0,28.1452659
2010,NM,3,1.5174839,0,37.9431134
2010,NV,0,8.4866392,0,33.7691428
2010,NV,1,16.6120745,0,34.4782496
2010,NV,2,3.0333074,0,29.3552352
2010,NV,3,7.706015,0,33.2236485
2010,NY,1,4.3809906,0,23.9258295
2010,NY,2,10.3145506,0,29.5728697
2010,NY,3,2.4018073,0,33.9321177
2010,NY,4,18.8422829,0,38.3961469
2010,NY,5,5.155514,0,29.925187
2010,NY,6,52.0517183,1,33.6381354
2010,NY,7,20.9102019,0,31.4517367
2010,NY,8,5.1255538,0,30.5967297
2010,NY,9,4.0702911,0,30.6319151
2010,NY,10,63.3694011,1,29.848917
2010,NY,11,53.3457901,1,32.726657
2010,NY,12,11.4291573,0,22.5739786
2010,NY,13,6.7681524,0,28.4654321
2010,NY,14,5.1052373,0,29.3036093
2010,NY,15,35.3841093,1,28.2054325
2010,NY,16,41.0644535,0,18.3316603
2010,NY,17,31.271523,0,30.8317269
2010,NY,18,10.0524538,0,34.7760096
2010,NY,19,6.480728,0,27.7674568
2010,NY,20,2.4154598,0,18.5208301
2010,NY,21,8.0037364,0,27.1743341
2010,NY,22,9.24832,0,22.9340801
2010,NY,23,2.606964,0,11.7651521
2010,NY,24,2.643259,0,20.925704
2010,NY,25,6.944752,0,32.6376812
2010,NY,26,3.4147259,0,19.0784615
2010,NY,27,5.0171934,0,26.8791685
2010,NY,28,28.074563,0,30.4236129
2010,NY,29,2.9959583,0,24.6953429
2010,OH,0,11.4298937,0,39.494253
2010,OH,1,28.5720163,0,43.2033087
2010,OH,2,4.4749581,0,42.3005398
2010,OH,3,15.8807428,0,42.4286183
2010,OH,4,4.8380588,0,23.3372431
2010,OH,5,1.2806145,0,27.7482564
2010,OH,6,2.4979374,0,22.224961
2010,OH,7,9.6340622,0,35.5993762
2010,OH,8,5.4325008,0,29.9189444
2010,OH,9,14.1522422,0,38.9871151
2010,OH,10,6.794861,0,34.2441158
2010,OH,11,58.2365279,1,43.4082695
2010,OH,12,20.4911084,0,44.9230062
2010,OH,13,11.396628,0,40.7003549
2010,OH,14,3.3369978,0,32.4514881
2010,OH,15,7.2100957,0,40.8715084
2010,OH,16,4.4325826,0,33.8306131
2010,OH,17,10.7553412,0,38.0615971
2010,OH,18,1.6976813,0,22.1039903
2010,OK,0,7.0441836,0,39.6069432
2010,OK,1,8.7662064,0,31.3549353
2010,OK,2,3.7850755,0,58.6021505
2010,OK,3,3.6397198,0,41.8553689
2010,OK,5,14.1053679,0,35.5246127
2010,OR,0,1.6589304,0,60.087241
2010,OR,1,1.4100121,0,55.4078241
2010,OR,3,5.1324997,0,57.6884458
2010,PA,0,9.9236311,0,38.3625678
2010,PA,1,48.0222461,0,46.759844
2010,PA,2,55.512545,1,52.582055
2010,PA,3,3.4469424,0,22.1658007
2010,PA,4,3.0917445,0,24.6995035
2010,PA,5,1.8532016,0,13.2716374
2010,PA,6,7.0042048,0,32.4971086
2010,PA,7,8.1100929,0,33.2654191
2010,PA,8,3.762412,0,33.5732566
2010,PA,9,1.9795661,0,13.0735759
2010,PA,10,1.933915,0,16.7751479
2010,PA,11,5.1955147,0,10.5081256
2010,PA,12,3.6304386,0,15.5310283
2010,PA,13,9.7762869,0,31.1017257
2010,PA,14,20.7019224,0,34.4908819
2010,PA,15,4.4098554,0,19.4325573
2010,PA,16,4.6443164,0,20.7355372
2010,PA,17,7.5519513,0,28.5260515
2010,PA,18,2.442026,0,23.8572121
2010,PA,19,3.9455102,0,15.9829295
2010,RI,1,6.3021874,0,21.3496316
2010,RI,2,3.4948683,0,31.2810622
2010,SC,0,27.3865626,1,40.2002352
2010,SC,1,19.2852449,1,36.254551
2010,SC,2,26.2744828,0,41.6829133
2010,SC,3,19.3135776,0,36.1122146
2010,SC,4,19.6690241,0,37.5729191
2010,SC,5,30.3160888,0,41.6353095
2010,SC,6,52.9339215,1,41.6585106
2010,TN,1,2.0820804,0,13.7135474
2010,TN,2,5.834776,0,18.7047376
2010,TN,3,10.7272294,0,28.6439655
2010,TN,4,3.7659753,0,30.0304799
2010,TN,5,24.4148491,0,34.6421929
2010,TN,6,7.1462559,0,28.2818604
2010,TN,7,14.5707758,0,33.0378193
2010,TN,8,21.9468485,0,28.5224533
2010,TN,9,63.9044036,1,29.6957221
2010,TX,1,18.4448708,0,23.3678932
2010,TX,2,23.300658,0,28.0216092
2010,TX,3,11.744715,0,25.944754
2010,TX,4,10.7476493,0,25.7185316
2010,TX,5,15.6032229,0,21.2217854
2010,TX,6,17.2787393,0,29.2055241
2010,TX,7,9.2047675,0,29.2940996
2010,TX,8,8.3963427,0,24.3793531
2010,TX,9,51.1912518,1,30.9852433
2010,TX,10,11.9058513,0,27.2892502
2010,TX,11,4.1710921,0,13.7273358
2010,TX,12,7.0969075,0,22.3739117
2010,TX,13,5.6645247,0,14.7020117
2010,TX,14,9.8360129,0,25.6957132
2010,TX,15,2.3741402,0,8.5108511
2010,TX,16,3.8500068,0,7.9726109
2010,TX,17,10.2500226,0,21.4413188
2010,TX,18,47.3962031,1,31.5687676
2010,TX,19,5.5967639,0,11.5417743
2010,TX,20,8.5690021,0,11.2659698
2010,TX,21,6.5258623,0,20.3594143
2010,TX,22,15.5702445,1,33.6783615
2010,TX,23,3.4551115,0,17.062635
2010,TX,24,14.8396682,0,31.7992096
2010,TX,25,8.5144099,0,21.3895858
2010,TX,26,13.9822844,0,29.8177163
2010,TX,27,2.8111015,0,10.893493
2010,TX,28,1.8925599,0,21.3926596
2010,TX,29,14.0156698,0,24.0829833
2010,TX,30,50.8170892,1,32.9951845
2010,TX,31,12.2166462,0,15.3103745
2010,TX,32,9.2009305,0,20.8593144
2010,UT,0,0.7348766,0,42.0164199
2010,UT,1,1.0988447,0,27.9507941
2010,WA,0,3.3093743,0,33.1283726
2010,WA,1,2.0952927,0,35.525349
2010,WA,2,1.301253,0,32.5425621
2010,WA,3,1.2863972,0,33.1987891
2010,WA,4,1.0218189,0,27.1456227
2010,WA,5,1.3441258,0,24.6969697
2010,WA,6,5.1182042,0,30.2361453
2010,WA,7,7.0257059,0,41.7292632
2010,WA,8,3.4862159,0,26.9323477
2010,WA,9,7.5093028,0,29.4794863
2010,WI,0,5.4289346,0,42.6564696
2010,WI,1,4.88139,0,26.805636
2010,WI,2,3.3748935,0,32.5128425
2010,WI,4,33.8407719,1,48.8180248
2010,WI,5,2.0233636,0,38.7102874
2010,WI,6,1.5313881,0,12.5940545
2010,WV,0,2.9821059,0,35.0476761
2010,WV,1,2.0884063,0,24.5389649
2010,WV,2,2.9350626,0,43.3888813
2010,WV,3,3.8633157,0,34.4764032